"","","","","","","","","","","","","",""
"Sr no","User Id","User Name","Email","First name","Last Name","Address","City","House Number","Postal code","Telephone number","Created at","Status","Last Logged-in At"
"1","1","Harry Mraz123","juston07@example.com","Ava","Glover","86482 Vernice Junctions North Destinview, KS 70359","Sanfordbury","3369","608654","0123456789","2019-04-15 05:52:49","InActive",""
"","Sr No","Field Name","Old Value","Modified Value","Modified By","","","","","","","",""
"","1","username","Harry Mraz","Harry Mraz123","Florine McCullough Jr.","","","","","","","",""
"","2","username","Harry Mraz DDS","Harry Mraz","Brittany Zboncak","","","","","","","",""
"","3","address","86482 Vernice Junctions North Destinview, KS 70359","86482 Vernice Junctions North Destinview, KS 70359","Brittany Zboncak","","","","","","","",""
"","4","postal_code","60865-3878","608654","Brittany Zboncak","","","","","","","",""
"","5","telephone_number","234.287.3589 x601","0123456789","Brittany Zboncak","","","","","","","",""
"","","","","","","","","","","","","",""
"2","2","Margot Beahan","mariah.ernser@example.org","Marquise","Ullrich","346 Sarah Falls Suite 862 South Faustinoshire, PA 96770","Lake Ladariusside","66913","29114","18673825546","2019-04-15 05:52:49","Active",""
"3","3","Aiden Gottlieb","xstokes@example.org","Ettie","Bahringer","552 Jamil Ville East Kianna, IA 31420-0904","South Katherine","75607","31327-1444","350.337.9033","2019-04-15 05:52:49","Active",""
"4","4","Brittany Zboncak","jaylen36@example.org","Amelia","Tremblay","93162 Parker Burgs Litzybury, IL 50509","Langborough","67478","04746","1-621-695-2441","2019-04-15 05:52:49","Active",""
"5","5","Caleb Moen12","yhahn12@example.com","Marquis","Keeling","28107 Ottis Creek Suite 018 Duanefurt, MT 19376-6190","New Lamberthaven","7855","64823","2235541235","2019-04-15 05:52:49","InActive",""
"","Sr No","Field Name","Old Value","Modified Value","Modified By","","","","","","","",""
"","1","username","Caleb Moen123","Caleb Moen12","supriyag123","","","","","","","",""
"","2","email","yhahn123@example.com","yhahn12@example.com","supriyag123","","","","","","","",""
"","3","telephone_number","1235541235","2235541235","supriyag123","","","","","","","",""
"","4","username","Caleb Moen","Caleb Moen123","supriyag123","","","","","","","",""
"","5","email","yhahn@example.com","yhahn123@example.com","supriyag123","","","","","","","",""
"","6","telephone_number","(341) 361-0123 x11849","1235541235","supriyag123","","","","","","","",""
"","","","","","","","","","","","","",""
"6","6","Mr. Demarcus Blick DDS","josephine.kreiger@example.net","Jany","Weissnat","917 Jeramie Wells Suite 479 West Kolbyville, VA 88843","Port Calista","68168","47168","19284393943","2019-04-15 05:52:49","Active",""
"7","7","Florine McCullough Jr.","nfarrell@example.com","Kevon","Huels","49602 Vivienne Valley Lake Germaine, NV 02903","New Randy","14677","93583-9758","1-417-520-8053 x649","2019-04-15 05:52:49","Active","16-Apr-2019 12:30"
"8","8","Zackery Monahan","hmayert@example.com","Litzy","Hills","879 Marc Loop Lake Orland, WY 82144","Wilkinsonton","9167","83009-0397","(732) 693-9198","2019-04-15 05:52:49","Active",""
"9","9","Pearlie Casper","mann.franco@example.org","Danial","Lubowitz","19896 Renee Point Terryborough, ME 33284","Port Emie","24400","18281-2108","932-385-4273 x1041","2019-04-15 05:52:49","Active",""
"10","10","Oscar Tillman","mann.miguel@example.net","Oscar","Boyer","894 Lance Forest Apt. 312 West Alysa, AK 05181-5547","East Vergieville","9545","80410-7816","1-643-510-9154 x6452","2019-04-15 05:52:49","Active",""
"11","11","Araceli Adams","hauck.riley@example.org","Loren","Berge","913 Huel Forest Apt. 380 Keelyview, MS 87840-9817","Heaneyshire","97940","48265","591-317-5562 x335","2019-04-15 05:52:49","Active","16-Apr-2019 05:32"
"12","12","August Oberbrunner","eric49@example.com","Willie","Sauer","109 Mabel Crest Davisberg, CO 95363","East Lexus","8917","67668","245.436.4085 x99184","2019-04-15 05:52:49","Active",""
"13","13","Francisco Christiansen","zackary.donnelly@example.net","Darius","Hessel","914 Odessa Bridge Apt. 974 Janetfurt, WI 60964","Kreigershire","320","74376-4732","18139046009","2019-04-15 05:52:49","Active",""
"14","14","Cale Miller","cody53@example.org","Irma","Wiegand","4486 Okuneva Fords Apt. 545 Port Herta, UT 34386","Jerrodville","8552","03248-5555","14279693679","2019-04-15 05:52:49","Active",""
"15","15","Mr. Jayson Cassin","kmills@example.org","Lexus","McClure","82382 Langworth Burgs Suite 781 Christiansenchester, HI 24115-7709","Baumbachport","57894","92211","284-831-5505","2019-04-15 05:52:49","Active",""
"16","16","Bertram Walker","dibbert.caleb@example.com","Osbaldo","Kuvalis","20096 Isidro Port Apt. 656 Naderland, KS 52259","North Yvette","6423","98935-1099","1-364-462-3915","2019-04-15 05:52:49","Active",""
"17","17","Jaden Hoeger","jaunita71@example.com","Jayda","Altenwerth","58830 Reilly Village Suite 668 East Willhaven, WY 90989","Lake Porterfurt","747","10723","994-288-7477 x607","2019-04-15 05:52:49","Active",""
"18","18","Ludwig Hilpert","kirstin.wolff@example.net","Robbie","Collier","4324 Mitchell Plaza Sisterburgh, DE 02578-9314","Aracelyborough","226","73390","632.443.1864 x693","2019-04-15 05:52:49","Active",""
"19","19","Sonia Kuhlman","julianne.farrell@example.net","Mireille","Marvin","4456 Gaylord Landing Apt. 554 Matildahaven, OK 69269-9646","Ratkefurt","782","40782","1-787-484-0195 x787","2019-04-15 05:52:49","Active",""
"20","22","Prof. Wilton Abernathy","daren79@example.net","Jabari","Crona","924 Hansen Road Suite 226 Anniestad, AZ 44592","East Cleoramouth","994","59310","448-899-5101","2019-04-15 05:52:49","InActive",""
"21","24","Tatum Smith","cordie.cormier@example.net","Terrence","Hirthe","4773 Elody Green Apt. 626 Walkerhaven, MD 13518-4800","Brennanville","182","83348","(563) 957-1598 x89843","2019-04-15 05:52:49","InActive",""
"22","25","Hailey Doyle","elsa.hammes@example.net","Orie","Shields","7105 Watsica Field Weberport, MI 95318","Crooksburgh","7238","64693-9962","474-761-9785 x02361","2019-04-15 05:52:49","Active",""
"23","26","Orville Cummings","issac49@example.org","Eleonore","Rath","6811 Ullrich Walks Apt. 707 Windlerfurt, AR 68079","Port Jakob","24336","20153","(523) 514-1871 x087","2019-04-15 05:52:49","Active",""
"24","27","Mallie Funk","alysha.leannon@example.com","Darien","Wiegand","419 Reynolds Burg West Eddie, AR 04004-9752","Davisborough","88389","55877-6058","1-374-684-7719","2019-04-15 05:52:49","Active",""
"25","28","Anahi Block","delmer31@example.net","Philip","Orn","5775 Rosenbaum Squares North Adolfotown, OK 36279-3475","North Velmafurt","412","38043-5207","995-643-4643 x5048","2019-04-15 05:52:49","Active",""
"26","29","Rylan Kovacek","eldred25@example.com","Zoey","Windler","6822 Verdie Island Suite 035 Hughstad, WA 37976-4255","Port Antonettestad","675","70943","653.737.1859 x14360","2019-04-15 05:52:49","Active",""
"27","30","Prof. Luella Wilderman","gwen.denesik@example.net","Lina","Witting","299 Hagenes Manor Apt. 290 New Eunaville, NY 36145-2279","New Eraport","7765","42227-9136","725-632-6212 x557","2019-04-15 05:52:49","Active",""
"28","31","Celia Brekke","frami.kristoffer@example.com","Alena","Douglas","548 Mathew Knolls Pagacland, MO 33683","New Dale","5620","66717-0161","1-580-496-7487 x9295","2019-04-15 05:52:49","Active",""
"29","32","Sid Wuckert","nabshire@example.com","Ressie","McGlynn","5063 Zachariah Wells Suite 691 Kilbackberg, NM 98225-7439","New Lethastad","294","84324-6362","1-593-957-4984 x9305","2019-04-15 05:52:49","Active",""
"30","33","Cora Emmerich","fwiegand@example.com","Lafayette","Walker","437 Nicholaus Station Suite 397 Clementinefurt, CT 49282-5599","Port Adanfort","6848","17552","1-401-230-4971","2019-04-15 05:52:49","Active",""
"31","34","Lurline Langosh III","jmorar@example.org","Lelah","Feil","718 Madge Falls West Cecilia, SD 86322","East Cristalport","9518","78511-1909","(813) 992-6963","2019-04-15 05:52:49","Active",""
"32","35","Talia Kuhn","arlene.nolan@example.com","Darrin","Moen","4893 Streich Ranch West Belle, NY 35767","Farrellport","47306","28545-7254","980.859.5167 x2647","2019-04-15 05:52:49","Active",""
"33","36","Miss Audrey Cummings MD","tbaumbach@example.org","Beverly","Buckridge","2990 Nelson View Wisozkhaven, WY 15887","North Nellie","3432","05634-2539","1-653-390-5484 x1776","2019-04-15 05:52:49","Active",""
"34","37","Molly Sauer Sr.","davis.gia@example.org","Margarete","Friesen","17430 Rodriguez Divide Schadenville, MO 51567","Vitaton","75650","50803","1-885-927-9451","2019-04-15 05:52:49","Active",""
"35","38","Prof. Nico Hauck","columbus.bayer@example.org","Mary","Grady","79298 Maybell Drive Suite 043 Nadiaton, MI 23072","Justenmouth","3255","14488","594.233.6340 x091","2019-04-15 05:52:49","Active",""
"36","39","Joana Huels","gisselle.corkery@example.org","Frida","Reinger","11896 Kerluke Village Rutherfordberg, PA 68265-6636","Kristown","916","02335-9983","891.226.4060","2019-04-15 05:52:49","Active",""
"37","40","Dr. Torey Hermann","luciano.ullrich@example.com","Selmer","Lind","3617 Lubowitz Land Suite 629 West Therese, SD 96961","Laishashire","59537","38688","(790) 891-1224 x01676","2019-04-15 05:52:49","Active",""
"38","41","Wilfrid Klein Sr.","zita50@example.org","Dario","Gerlach","599 McLaughlin Mission Suite 293 Carleechester, AZ 57317-0863","Lake Sidneyside","22320","57137-5693","1-870-867-4395 x276","2019-04-15 05:52:49","Active",""
"39","42","Mr. Arch Zemlak","mertz.jefferey@example.net","Charlotte","Gaylord","758 Friedrich Islands Apt. 219 New Amira, OR 69852","Danteberg","64606","55739-5352","429.309.5555","2019-04-15 05:52:49","Active",""
"40","43","Ubaldo Lesch","herminia.nienow@example.com","Baron","Murray","8697 Toy Point Port Wyatt, ID 00452-0315","Lake Travon","937","91887","735-695-0096 x625","2019-04-15 05:52:49","Active",""
"41","44","Alvis Erdman","angeline94@example.com","Elyssa","Smith","4231 Wolff Harbors Apt. 235 East Jonas, MI 84754-0626","Florenciofurt","78167","69823-1192","1-758-710-4007 x4553","2019-04-15 05:52:49","Active",""
"42","45","Reed Mitchell","greenfelder.marcelina@example.com","Alaina","Feil","38691 Hamill Mount Apt. 462 South Keith, CA 70184-5758","North Elliot","93801","59418","492.421.8078","2019-04-15 05:52:49","Active",""
"43","46","Dr. Royal Kilback","mozelle85@example.org","Tiffany","Huels","689 Augusta Plains Apt. 877 West Hilario, NM 04599","Port Keegan","578","51993-6604","(737) 381-3349","2019-04-15 05:52:49","Active",""
"44","47","Sophie Ritchie Jr.","alind@example.net","Katelin","Hahn","414 Carrie Rue Suite 480 Rogahnton, KS 00629-9221","Bashirianside","136","07576-9138","890.643.1436","2019-04-15 05:52:49","Active",""
"45","48","Sheldon Borer","murphy.crona@example.org","Vesta","Jakubowski","1165 Roger Meadow Apt. 290 East Margarettemouth, ND 21166-7078","Ezekielview","9769","87417-1316","674.894.8756 x7735","2019-04-15 05:52:49","Active",""
"46","49","Scot Sporer","carolyn.bogan@example.net","Johnson","Adams","18776 Kiara Greens Suite 400 Kozeyfurt, GA 27222","Kemmerview","3390","04063","802.756.1383","2019-04-15 05:52:49","Active",""
"47","50","Dr. Aaron Lang","maegan22@example.net","Dion","Lakin","25156 Halle Inlet Goyettechester, SC 30861-2044","Port Arelyport","830","60248-6917","+1-385-297-5745","2019-04-15 05:52:49","Active",""
"48","51","supriyag","sup@1234gmail.com","sup","sup","pune","obad","111","413501","9970445125","2019-04-15 07:21:39","InActive",""
"49","52","supriyag123","sup1234@1234gmail.com","sup","sup","pune","obad","111","413501","9970445112","2019-04-15 07:25:09","InActive",""
"50","53","supriya123","supriya1234@1234gmail.com","priya","sup","pune","obad","111","413501","9970445115","2019-04-15 07:31:28","InActive",""
"51","54","priya","priya1234@1234gmail.com","priya123","sup","pune","obad","111","413501","9970425115","2019-04-15 07:32:06","InActive",""
"52","55","namu","pdassfsriya1234@1234gmail.com","priyasfsf123","sup","pune","obad","111","413501","9970345115","2019-04-15 07:35:05","InActive",""
"53","56","nama1236","na61mu@1234gmail.com","priyasfsf123","sup","pune","obad","111","413501","1235541230","2019-04-15 08:33:25","InActive",""
"","Sr No","Field Name","Old Value","Modified Value","Modified By","","","","","","","",""
"","1","username","namrata1236","nama1236","supriyag123","","","","","","","",""
"","2","email","na6mu@1234gmail.com","na61mu@1234gmail.com","supriyag123","","","","","","","",""
"","3","telephone_number","1234541230","1235541230","supriyag123","","","","","","","",""
"","4","username","namrata123","namrata1236","supriyag123","","","","","","","",""
"","5","email","namu@1234gmail.com","na6mu@1234gmail.com","supriyag123","","","","","","","",""
"","6","telephone_number","1234541234","1234541230","supriyag123","","","","","","","",""
"","7","username","namrata","namrata123","supriyag123","","","","","","","",""
"","8","email","namu1234@1234gmail.com","namu@1234gmail.com","supriyag123","","","","","","","",""
"","9","telephone_number","9870341234","1234541234","supriyag123","","","","","","","",""
"","10","username","namrata123","namrata","supriyag123","","","","","","","",""
"","11","email","ssfsra1234@1234gmail.com","namu1234@1234gmail.com","supriyag123","","","","","","","",""
"","12","telephone_number","9870345123","9870341234","supriyag123","","","","","","","",""
"","13","username","namu123456","namrata123","supriyag123","","","","","","","",""
"","14","email","pdassfsra1234@1234gmail.com","ssfsra1234@1234gmail.com","supriyag123","","","","","","","",""
"","15","telephone_number","9870345115","9870345123","supriyag123","","","","","","","",""
"","","","","","","","","","","","","",""
"54","57","Caleb","yhahnnn@example.com","Mac","Keel","28107 Ottis Creek Suite 018 Duanefurt, MT 19376-6190","New Lamberthaven","7855","64823","2235541232","2019-04-15 09:41:25","InActive",""
